Family,Base combination,PDBID,NT1ID,NT2ID,Count,LW 2002 subgroup,Resolution,C1*-C1* distance,AG,GA,GG,GC,CG,GG
cHH,AG,2QBG,2QBG_AU_1_B_1664_A_,2QBG_AU_1_B_1992_G_,5,7.2,3.3,12.669828,0.000000,4.329453,14.428844,14.055419,13.402929,13.571491
cHH,GA,2QBG,2QBG_AU_1_B_1992_G_,2QBG_AU_1_B_1664_A_,5,7.2,3.3,12.669828,4.329453,0.000000,13.571491,13.402929,14.055419,14.428844
cHh,GG,1S72,1S72_AU_1_0_2617_G_,1S72_AU_1_0_2616_G_,3,7.1,2.4,6.822204,14.428844,13.571491,0.000000,1.648746,10.527282,11.482249
cHH,GC,1S72,1S72_AU_1_0_2494_G_,1S72_AU_1_0_2493_C_,1,7.1,2.4,6.444785,14.055419,13.402929,1.648746,0.000000,9.426552,10.527282
cHH,CG,1S72,1S72_AU_1_0_2493_C_,1S72_AU_1_0_2494_G_,1,7.1,2.4,6.444785,13.402929,14.055419,10.527282,9.426552,0.000000,1.648746
chH,GG,1S72,1S72_AU_1_0_2616_G_,1S72_AU_1_0_2617_G_,3,7.1,2.4,6.822204,13.571491,14.428844,11.482249,10.527282,1.648746,0.000000
