Family,Base combination,PDBID,NT1ID,NT2ID,Count,LW 2002 subgroup,Resolution,C1*-C1* distance,AU,GA,AG,GG,CC,UU,CU,CG,UA,UG
cWH,AU,MODEL_CWH_AU_EXEMPLAR,,,0,[3.3],NaN,12.051472,0.000000,1.461471,2.620996,3.271255,4.675015,4.315912,4.328425,6.388660,6.238367,7.143717
cWH,GA,1FJG,1FJG_AU_1_A_724_G_,1FJG_AU_1_A_665_A_,6,3.3,3,11.141857,1.461471,0.000000,1.276204,2.982616,3.543253,3.098624,2.949757,4.965106,4.784486,5.694729
cWH,AG,420D,420D_AU_1_A_11_A_,420D_AU_1_B_22_G_,5,3.3,1.9,10.418924,2.620996,1.276204,0.000000,2.612115,2.378966,2.049332,1.714414,3.828648,3.714812,4.684685
cWH,GG,1J8G,1J8G_BA1_4_A_4_G_,1J8G_BA1_1_A_4_G_,236,3.4,0.61,11.465044,3.271255,2.982616,2.612115,0.000000,2.624823,2.872743,3.448347,5.264306,5.513957,6.569041
cWH,CC,1QA6,1QA6_AU_1_C_122_C_,1QA6_AU_1_C_142_C_,5,3.2,2.8,9.878701,4.675015,3.543253,2.378966,2.624823,0.000000,1.000309,1.626051,2.731961,3.157810,4.231697
cWH,UU,1J8G,1J8G_BA1_1_A_6_U_,1J8G_BA1_4_A_6_U_,31,3.2,0.61,9.649882,4.315912,3.098624,2.049332,2.872743,1.000309,0.000000,1.533093,2.583942,2.939917,4.062568
cWH,CU,MODEL_CWH_CU_EXEMPLAR,,,0,[3.1],NaN,9.670642,4.328425,2.949757,1.714414,3.448347,1.626051,1.533093,0.000000,2.244486,2.181937,3.188453
cWH,CG,1GID,1GID_AU_1_B_260_C_,1GID_AU_1_B_108_G_,10,3.1,2.5,8.132885,6.388660,4.965106,3.828648,5.264306,2.731961,2.583942,2.244486,0.000000,0.896523,1.804595
cWH,UA,3P22,3P22_AU_1_G_10_U_,3P22_AU_1_H_6_A_,131,3.1,2.5,8.190600,6.238367,4.784486,3.714812,5.513957,3.157810,2.939917,2.181937,0.896523,0.000000,1.145994
cWH,UG,1S72,1S72_AU_1_0_2278_U_,1S72_AU_1_0_2471_G_,8,3.1,2.4,7.699288,7.143717,5.694729,4.684685,6.569041,4.231697,4.062568,3.188453,1.804595,1.145994,0.000000
