Family,Base combination,PDBID,NT1ID,NT2ID,Count,LW 2002 subgroup,Resolution,C1*-C1* distance,AA,AU,AC,AG,GU,GC,GA,GG
tSs,AA,3U5F,3U5F_AU_1_6_1300_A_,3U5F_AU_1_6_1143_A_,40,12.1,3,8.710796,0.000000,1.219735,0.915266,1.606574,3.063131,4.292489,4.656226,4.549993
tSs,AU,1J1U,1J1U_AU_1_B_522_A_,1J1U_AU_1_B_508_U_,81,12.1,1.95,7.818509,1.219735,0.000000,0.553822,0.860800,2.109278,3.536804,3.720197,3.561725
tSs,AC,2GDI,2GDI_AU_1_X_84_A_,2GDI_AU_1_X_50_C_,137,12.1,2.05,8.510144,0.915266,0.553822,0.000000,0.741881,2.227445,3.459752,3.765234,3.651054
tSs,AG,4ENB,4ENB_AU_1_A_21_A_,4ENB_AU_1_A_3_G_,476,12.1,2.3,8.304804,1.606574,0.860800,0.741881,0.000000,1.871802,2.905697,3.123062,3.011559
tSs,GU,1S72,1S72_AU_1_0_1855_G_,1S72_AU_1_0_1874_U_,4,12.2,2.4,8.423098,3.063131,2.109278,2.227445,1.871802,0.000000,1.853767,2.088923,1.961770
tSs,GC,3V2F,3V2F_AU_1_A_2553_G_,3V2F_AU_1_A_2507_C_,5,12.2,2.7,8.960692,4.292489,3.536804,3.459752,2.905697,1.853767,0.000000,1.027570,1.248648
tSs,GA,3SD3,3SD3_AU_1_A_44_G_,3SD3_AU_1_A_8_A_,2,[12.2],1.95,8.153998,4.656226,3.720197,3.765234,3.123062,2.088923,1.027570,0.000000,0.347927
tSs,GG,3D2V,3D2V_AU_1_B_11_G_,3D2V_AU_1_B_30_G_,51,12.2,2,8.144362,4.549993,3.561725,3.651054,3.011559,1.961770,1.248648,0.347927,0.000000
