Family,Base combination,PDBID,NT1ID,NT2ID,Count,LW 2002 subgroup,Resolution,C1*-C1* distance,CG,CA,UU,GU,AG,AA,GG,UG,UA,CC
tWH,CG,1L2X,1L2X_AU_1_A_8_C_,1L2X_AU_1_A_12_G_,8,4.2,1.25,11.138161,0.000000,0.595174,0.865117,2.911595,2.235182,3.185290,3.670976,4.189308,3.046724,4.253513
tWH,CA,1LNT,1LNT_AU_1_B_19_C_,1LNT_AU_1_A_6_A_,112,4.2,1.7,11.081643,0.595174,0.000000,0.403595,2.671588,1.992055,2.864139,3.109864,3.674849,2.547157,3.875551
tWH,UU,1OSU,1OSU_BA1_1_A_2_U_,1OSU_BA1_3_A_1_U_,18,4.2,1.4,11.176892,0.865117,0.403595,0.000000,2.382005,1.982394,2.890334,2.963630,3.706567,2.501314,3.585343
tWH,GU,1GID,1GID_AU_1_A_188_G_,1GID_AU_1_A_168_U_,9,4.4,2.5,12.633009,2.911595,2.671588,2.382005,0.000000,1.899571,2.706984,2.995330,4.704175,4.132492,4.355333
tWH,AG,2CV1,2CV1_AU_1_C_546_A_,2CV1_AU_1_C_522_G_,10,4.4,2.41,12.130768,2.235182,1.992055,1.982394,1.899571,0.000000,1.170655,2.586073,3.731699,3.651753,5.033917
tWH,AA,3LA5,3LA5_AU_1_A_33_A_,3LA5_AU_1_A_66_A_,101,4.4,1.7,12.249469,3.185290,2.864139,2.890334,2.706984,1.170655,0.000000,2.271786,3.262607,3.863502,5.576002
tWH,GG,2ZY6,2ZY6_AU_1_A_19_G_,2ZY6_AU_1_A_12_G_,54,4.5,1.75,11.228845,3.670976,3.109864,2.963630,2.995330,2.586073,2.271786,0.000000,1.989216,2.541922,4.028976
tWH,UG,1S72,1S72_AU_1_0_2419_U_,1S72_AU_1_0_2404_G_,1,4.3,2.4,10.216837,4.189308,3.674849,3.706567,4.704175,3.731699,3.262607,1.989216,0.000000,2.172366,4.622461
tWH,UA,1FUF,1FUF_AU_1_A_6_U_,1FUF_AU_1_B_18_A_,559,4.1,1.7,9.765967,3.046724,2.547157,2.501314,4.132492,3.651753,3.863502,2.541922,2.172366,0.000000,2.827388
tWH,CC,1MFQ,1MFQ_AU_1_A_191_C_,1MFQ_AU_1_A_207_C_,8,4.1,3.1,10.008892,4.253513,3.875551,3.585343,4.355333,5.033917,5.576002,4.028976,4.622461,2.827388,0.000000
